City_ID,City,Lat,Lng,Max Temp,Humidity,Cloudiness,Wind Speed,Country,Date
0,Busselton,-33.65,115.3333,51.08,89,51,7.96,AU,2021-05-31 21:52:18
1,Kahului,20.8947,-156.47,87.82,68,20,16.11,US,2021-05-31 21:51:55
2,Ushuaia,-54.8,-68.3,31.66,93,75,3.44,AR,2021-05-31 21:48:04
3,Salalah,17.0151,54.0924,80.58,80,98,8.21,OM,2021-05-31 21:52:18
4,Thurso,58.5927,-3.5259,52.05,92,100,13.51,GB,2021-05-31 21:52:18
5,Jamestown,42.097,-79.2353,70.3,38,1,4.0,US,2021-05-31 21:48:23
6,Pringsewu,-5.3582,104.9744,73.72,96,97,4.36,ID,2021-05-31 21:52:19
7,Puerto Ayora,-0.7393,-90.3518,80.56,88,43,8.01,EC,2021-05-31 21:52:06
8,Rikitea,-23.1203,-134.9692,74.23,65,20,16.55,PF,2021-05-31 21:51:17
9,Cape Town,-33.9258,18.4232,55.81,90,20,2.17,ZA,2021-05-31 21:50:15
10,Hilo,19.7297,-155.09,92.28,74,90,10.36,US,2021-05-31 21:52:19
11,Jumla,29.2747,82.1838,52.75,91,11,4.21,NP,2021-05-31 21:52:20
12,Stokmarknes,68.5646,14.9108,49.5,89,100,4.63,NO,2021-05-31 21:52:20
13,Mataura,-46.1927,168.8643,41.58,93,58,2.28,NZ,2021-05-31 21:52:20
14,Atuona,-9.8,-139.0333,79.03,70,96,9.33,PF,2021-05-31 21:52:21
15,Isangel,-19.55,169.2667,73.51,68,75,13.69,VU,2021-05-31 21:52:21
16,Quatre Cocos,-20.2078,57.7625,73.51,75,6,8.46,MU,2021-05-31 21:52:21
17,Lompoc,34.6391,-120.4579,75.11,72,75,4.0,US,2021-05-31 21:52:22
18,San Rafael,-34.6177,-68.3301,62.46,35,41,7.27,AR,2021-05-31 21:52:22
19,Sisimiut,66.9395,-53.6735,37.0,79,75,8.21,GL,2021-05-31 21:52:22
20,Kapaa,22.0752,-159.319,85.48,68,90,1.01,US,2021-05-31 21:52:23
21,East London,-33.0153,27.9116,60.19,80,77,10.8,ZA,2021-05-31 21:52:23
22,Corinth,37.9407,22.9573,70.75,69,27,9.95,GR,2021-05-31 21:52:23
23,Mao,39.8885,4.2658,66.76,94,0,5.75,ES,2021-05-31 21:52:24
24,Victoria,22.2855,114.1577,81.32,95,100,3.87,HK,2021-05-31 21:50:45
25,Gamba,-2.65,10.0,75.69,92,100,4.05,GA,2021-05-31 21:52:25
26,Butaritari,3.0707,172.7902,83.59,77,76,19.04,KI,2021-05-31 21:52:25
27,Soyo,-6.1349,12.3689,77.09,90,43,7.72,AO,2021-05-31 21:52:25
28,Kodiak,57.79,-152.4072,49.51,81,90,16.11,US,2021-05-31 21:52:26
29,Tasiilaq,65.6145,-37.6368,32.94,81,83,3.8,GL,2021-05-31 21:52:26
30,Kamphaeng Phet,16.25,99.5,80.78,74,89,2.77,TH,2021-05-31 21:52:26
31,Olafsvik,64.8945,-23.7142,45.16,79,62,18.99,IS,2021-05-31 21:52:27
32,Chokurdakh,70.6333,147.9167,64.2,33,44,9.33,RU,2021-05-31 21:52:27
33,Hermanus,-34.4187,19.2345,54.9,81,20,5.59,ZA,2021-05-31 21:52:27
34,Vaini,-21.2,-175.2,69.96,94,90,0.0,TO,2021-05-31 21:52:28
35,Albany,42.6001,-73.9662,67.68,61,66,6.62,US,2021-05-31 21:52:29
36,Narsaq,60.9167,-46.05,42.69,79,44,4.21,GL,2021-05-31 21:52:29
37,Qaanaaq,77.484,-69.3632,33.49,88,100,2.24,GL,2021-05-31 21:52:30
38,Tiksi,71.6872,128.8694,44.98,71,7,3.38,RU,2021-05-31 21:52:30
39,San Cristobal,7.7669,-72.225,77.18,60,59,3.09,VE,2021-05-31 21:52:30
40,Santiago Del Estero,-27.7951,-64.2615,63.39,40,0,5.55,AR,2021-05-31 21:52:31
41,Champerico,14.3,-91.9167,93.74,62,30,6.78,GT,2021-05-31 21:52:31
42,Korla,41.7597,86.1469,74.8,22,81,3.13,CN,2021-05-31 21:52:31
43,Punta Arenas,-53.15,-70.9167,35.71,69,0,5.03,CL,2021-05-31 21:51:48
44,Arraial Do Cabo,-22.9661,-42.0278,71.56,94,75,2.3,BR,2021-05-31 21:52:32
45,Pevek,69.7008,170.3133,39.49,70,3,3.74,RU,2021-05-31 21:52:32
46,Kirkwall,58.9848,-2.9587,52.14,87,94,17.27,GB,2021-05-31 21:52:32
47,Bluff,-46.6,168.3333,46.62,77,88,11.41,NZ,2021-05-31 21:52:33
48,Dori,14.0354,-0.0345,97.12,17,41,7.61,BF,2021-05-31 21:52:33
49,Hithadhoo,-0.6,73.0833,83.55,68,87,16.67,MV,2021-05-31 21:52:33
50,New Norfolk,-42.7826,147.0587,51.58,73,100,1.01,AU,2021-05-31 21:52:34
51,Los Llanos De Aridane,28.6585,-17.9182,64.15,89,0,10.8,ES,2021-05-31 21:52:34
52,Mosquera,4.7059,-74.2302,64.49,55,40,6.91,CO,2021-05-31 21:52:34
53,Tupik,54.4253,119.9327,48.97,97,100,10.58,RU,2021-05-31 21:52:35
54,Whitefish,48.4111,-114.3376,78.42,36,1,4.25,US,2021-05-31 21:50:36
55,Carnarvon,-24.8667,113.6333,53.67,94,0,9.22,AU,2021-05-31 21:52:35
56,Bredasdorp,-34.5322,20.0403,54.72,88,3,7.34,ZA,2021-05-31 21:52:36
57,Kavieng,-2.5744,150.7967,80.91,79,98,6.46,PG,2021-05-31 21:52:36
58,Longyearbyen,78.2186,15.6401,30.99,86,84,5.28,SJ,2021-05-31 21:52:36
59,Hobart,-42.8794,147.3294,51.93,66,0,7.0,AU,2021-05-31 21:52:36
60,Sarangani,5.4033,125.4636,81.07,81,100,15.59,PH,2021-05-31 21:52:37
61,Lannion,48.75,-3.4167,61.05,72,0,4.61,FR,2021-05-31 21:52:37
62,Homer,59.6425,-151.5483,53.49,73,90,4.61,US,2021-05-31 21:52:37
63,Barrow,71.2906,-156.7887,32.02,74,90,10.36,US,2021-05-31 21:52:38
64,Dingle,10.9995,122.6711,78.66,87,100,1.45,PH,2021-05-31 21:52:38
65,Marawi,7.9986,124.2928,66.65,96,100,3.69,PH,2021-05-31 21:52:38
66,Kavaratti,10.5669,72.642,83.66,74,100,19.55,IN,2021-05-31 21:52:39
67,Castro,-24.7911,-50.0119,56.17,98,99,2.82,BR,2021-05-31 21:52:39
68,Padang,-0.9492,100.3543,77.07,84,55,3.29,ID,2021-05-31 21:52:39
69,Port Alfred,-33.5906,26.891,60.08,81,96,11.27,ZA,2021-05-31 21:52:40
70,Kamina,-8.7386,24.9906,61.07,51,52,3.27,CD,2021-05-31 21:52:40
71,Kemijarvi,66.7131,27.4306,46.85,70,100,4.38,FI,2021-05-31 21:52:40
72,Torbay,47.6666,-52.7314,55.27,69,75,19.57,CA,2021-05-31 21:52:41
73,Juneau,58.3019,-134.4197,55.4,94,90,5.01,US,2021-05-31 21:52:41
74,Steenwijk,52.7875,6.1208,59.92,87,0,7.87,NL,2021-05-31 21:52:41
75,Ahipara,-35.1667,173.1667,61.48,69,12,13.42,NZ,2021-05-31 21:52:42
76,Santa Rosa Del Sur,7.9644,-74.0544,79.23,83,91,1.72,CO,2021-05-31 21:52:42
77,Umm Lajj,25.0213,37.2685,87.6,42,8,4.81,SA,2021-05-31 21:52:43
78,Bengkulu,-3.8004,102.2655,75.22,93,99,3.85,ID,2021-05-31 21:52:43
79,Shenjiamen,29.9576,122.298,70.88,84,63,12.93,CN,2021-05-31 21:52:43
80,Chernaya Kholunitsa,58.8511,51.7154,38.17,73,93,2.77,RU,2021-05-31 21:52:44
81,Isilkul,54.9109,71.2728,56.89,93,99,13.65,RU,2021-05-31 21:52:44
82,Yulara,-25.2406,130.9889,58.84,38,90,5.75,AU,2021-05-31 21:52:44
83,Tuktoyaktuk,69.4541,-133.0374,30.2,80,90,14.97,CA,2021-05-31 21:52:45
84,Betioky,-23.7167,44.3833,63.97,79,55,8.46,MG,2021-05-31 21:52:45
85,Pacific Grove,36.6177,-121.9166,96.03,76,1,1.01,US,2021-05-31 21:52:45
86,Del Rio,29.3627,-100.8968,88.43,66,40,12.66,US,2021-05-31 21:48:43
87,Mahebourg,-20.4081,57.7,73.69,78,40,6.91,MU,2021-05-31 21:52:46
88,Pandan,14.0453,124.1694,81.54,85,95,5.48,PH,2021-05-31 21:52:46
89,Tuatapere,-46.1333,167.6833,42.28,87,54,3.94,NZ,2021-05-31 21:52:46
90,Ruwi,23.5996,58.5507,94.42,32,12,10.47,OM,2021-05-31 21:52:47
91,Khatanga,71.9667,102.5,34.81,83,79,12.06,RU,2021-05-31 21:52:47
92,Nikolskoye,59.7035,30.7861,48.4,92,100,4.0,RU,2021-05-31 21:52:48
93,Clarksburg,39.2807,-80.3445,72.84,42,1,0.6,US,2021-05-31 21:51:04
94,Camocim,-2.9022,-40.8411,79.05,85,70,11.95,BR,2021-05-31 21:52:48
95,Port Elizabeth,-33.918,25.5701,51.1,79,21,13.27,ZA,2021-05-31 21:52:48
96,Cabedelo,-6.9811,-34.8339,77.67,82,8,12.15,BR,2021-05-31 21:52:49
97,Hasaki,35.7333,140.8333,63.28,76,97,7.54,JP,2021-05-31 21:52:50
98,Dikson,73.5069,80.5464,28.65,91,100,16.22,RU,2021-05-31 21:52:50
99,Hualmay,-11.0964,-77.6139,66.88,82,89,8.9,PE,2021-05-31 21:52:50
100,Upernavik,72.7868,-56.1549,31.26,90,100,2.95,GL,2021-05-31 21:52:51
101,Magrath,49.4167,-112.8686,77.04,23,48,3.44,CA,2021-05-31 21:52:52
102,Dubai,25.2582,55.3047,89.85,62,0,6.91,AE,2021-05-31 21:51:58
103,Hurricane,37.1753,-113.2899,96.71,9,5,5.32,US,2021-05-31 21:52:53
104,Dovers,12.8833,-61.1833,81.99,78,91,20.71,VC,2021-05-31 21:52:53
105,Saskylakh,71.9167,114.0833,44.29,95,100,14.29,RU,2021-05-31 21:52:53
106,Mazagao,-0.115,-51.2894,78.85,94,66,3.11,BR,2021-05-31 21:52:54
107,Naze,28.3667,129.4833,74.32,70,59,19.77,JP,2021-05-31 21:52:54
108,Touros,-5.1989,-35.4608,79.7,82,6,10.2,BR,2021-05-31 21:52:54
109,Tieli,46.95,128.05,56.89,85,100,6.49,CN,2021-05-31 21:52:55
110,Mayumba,-3.432,10.6554,76.32,91,87,4.52,GA,2021-05-31 21:52:55
111,Katsuura,35.1333,140.3,67.19,85,83,14.16,JP,2021-05-31 21:52:55
112,Alta Floresta,-9.8756,-56.0861,85.82,62,0,1.14,BR,2021-05-31 21:52:56
113,Georgetown,5.4112,100.3354,79.9,93,20,3.0,MY,2021-05-31 21:52:56
114,Norfolk,42.1668,-71.2495,60.55,85,90,1.01,US,2021-05-31 21:52:56
115,Laguna,38.421,-121.4238,105.48,23,1,1.99,US,2021-05-31 21:52:57
116,Severo-Kurilsk,50.6789,156.125,37.65,98,100,22.48,RU,2021-05-31 21:52:57
117,Guacara,10.2261,-67.877,84.06,54,75,7.65,VE,2021-05-31 21:52:57
118,Maun,-19.9833,23.4167,60.76,48,0,4.61,BW,2021-05-31 21:52:58
119,Maumere,-8.6199,122.2111,77.27,81,79,3.06,ID,2021-05-31 21:52:58
120,Airai,-8.9266,125.4092,57.18,92,100,2.13,TL,2021-05-31 21:52:58
121,Fortuna,40.5982,-124.1573,97.48,61,30,3.0,US,2021-05-31 21:52:59
122,Amuntai,-2.4177,115.2494,73.69,95,45,1.34,ID,2021-05-31 21:52:59
123,Guerrero Negro,27.9769,-114.0611,71.33,49,0,13.35,MX,2021-05-31 21:52:59
124,Lorengau,-2.0226,147.2712,81.61,84,99,11.63,PG,2021-05-31 21:53:00
125,Harbour Breton,47.4833,-55.7983,48.99,88,100,7.2,CA,2021-05-31 21:53:00
126,Taltal,-25.4,-70.4833,66.87,65,17,2.84,CL,2021-05-31 21:53:00
127,Lamesa,32.7376,-101.951,65.46,78,100,21.18,US,2021-05-31 21:53:01
128,Falun,60.6036,15.626,52.21,83,100,2.62,SE,2021-05-31 21:53:01
129,Lavrentiya,65.5833,-171.0,35.02,75,62,8.79,RU,2021-05-31 21:53:02
130,Jibuti,11.5,42.5,83.97,46,18,6.55,DJ,2021-05-31 21:53:02
131,Matadi,-5.8167,13.45,76.3,84,29,3.33,CD,2021-05-31 21:53:02
132,Tacoronte,28.4769,-16.4102,62.26,77,40,14.97,ES,2021-05-31 21:53:03
133,Neftcala,39.3742,49.2472,68.9,74,0,5.53,AZ,2021-05-31 21:53:03
134,Cayenne,4.9333,-52.3333,77.09,89,75,1.99,GF,2021-05-31 21:53:04
135,Saint-Philippe,-21.3585,55.7679,72.95,78,27,8.32,RE,2021-05-31 21:53:04
136,Esperance,-33.8667,121.9,57.04,78,95,21.77,AU,2021-05-31 21:53:05
137,Oksfjord,70.2396,22.3479,44.67,95,100,9.04,NO,2021-05-31 21:53:05
138,Rafaela,-31.2503,-61.4867,60.01,52,36,6.08,AR,2021-05-31 21:53:06
139,Nago,26.5881,127.9761,77.07,82,100,16.42,JP,2021-05-31 21:53:06
140,Nemuro,43.3236,145.575,42.35,78,25,12.64,JP,2021-05-31 21:53:06
141,Glarus,47.0406,9.068,58.69,18,0,4.23,CH,2021-05-31 21:53:07
142,Lagoa,39.05,-27.9833,59.95,71,68,16.31,PT,2021-05-31 21:53:07
143,Severobaykalsk,55.65,109.3167,39.52,82,100,3.53,RU,2021-05-31 21:53:07
144,Flinders,-34.5833,150.8552,49.28,55,98,5.03,AU,2021-05-31 21:53:08
145,Cockburn Town,21.4612,-71.1419,82.36,65,40,13.8,TC,2021-05-31 21:53:08
146,Taybad,34.74,60.7756,81.48,18,0,11.25,IR,2021-05-31 21:53:08
147,Ugoofaaru,5.6667,73.0,82.96,70,84,20.38,MV,2021-05-31 21:53:09
148,Pingliang,35.5392,106.6861,58.68,56,100,3.09,CN,2021-05-31 21:53:09
149,San Patricio,28.017,-97.5169,87.78,61,89,14.97,US,2021-05-31 21:53:09
150,Husavik,66.0449,-17.3389,51.71,56,24,7.81,IS,2021-05-31 21:53:10
151,Mar Del Plata,-38.0023,-57.5575,53.13,50,75,0.0,AR,2021-05-31 21:53:10
152,Tezu,27.9167,96.1667,72.99,98,100,3.65,IN,2021-05-31 21:53:10
153,Tibu,8.639,-72.7358,89.67,58,54,3.38,CO,2021-05-31 21:53:11
154,Bose,45.4612,8.0137,62.96,79,4,4.32,IT,2021-05-31 21:53:12
155,Henties Bay,-22.116,14.2845,55.85,87,0,9.89,NA,2021-05-31 21:53:12
156,Yellowknife,62.456,-114.3525,62.29,44,75,3.0,CA,2021-05-31 21:53:12
157,Petatlan,17.5167,-101.2667,87.94,62,100,7.02,MX,2021-05-31 21:53:13
158,Tura,25.5198,90.2201,71.76,97,100,3.06,IN,2021-05-31 21:53:13
159,Pastavy,55.1168,26.8326,45.43,74,99,5.39,BY,2021-05-31 21:53:13
160,Belyy Yar,53.6039,91.3903,39.09,87,0,3.74,RU,2021-05-31 21:53:14
161,Vostok,46.4856,135.8833,52.93,65,36,1.45,RU,2021-05-31 21:53:14
162,Cabo San Lucas,22.8909,-109.9124,97.52,54,0,9.22,MX,2021-05-31 21:50:56
163,Darnah,32.767,22.6367,69.12,81,22,14.41,LY,2021-05-31 21:53:15
164,Isabela,6.7085,121.9711,77.05,88,100,2.57,PH,2021-05-31 21:53:15
165,Loandjili,-4.7561,11.8578,78.91,89,20,4.61,CG,2021-05-31 21:53:15
166,Ancud,-41.8697,-73.8203,58.53,98,100,15.05,CL,2021-05-31 21:53:16
167,San Quintin,30.4833,-115.95,65.82,63,2,10.47,MX,2021-05-31 21:53:16
168,Chengde,40.9725,117.9361,53.98,86,34,2.66,CN,2021-05-31 21:53:16
169,Sisak,45.4661,16.3783,59.18,86,29,2.48,HR,2021-05-31 21:53:17
170,Rizoma,39.665,21.735,60.84,83,61,1.9,GR,2021-05-31 21:53:17
171,Businga,3.3333,20.8833,72.19,95,95,1.57,CD,2021-05-31 21:53:17
172,Saint George,37.1041,-113.5841,98.64,8,1,3.0,US,2021-05-31 21:53:18
173,Gafanha Da Encarnacao,40.6181,-8.733,64.89,81,72,6.2,PT,2021-05-31 21:53:18
174,Terrace,54.5163,-128.6035,57.11,100,90,5.75,CA,2021-05-31 21:53:18
175,Valparaiso,-33.0393,-71.6273,78.44,36,0,17.27,CL,2021-05-31 21:53:10
176,Riyadh,24.6877,46.7219,93.25,13,0,4.61,SA,2021-05-31 21:53:19
177,Hovd,48.0056,91.6419,47.34,41,4,1.5,MN,2021-05-31 21:53:19
178,Cap-Aux-Meules,47.3821,-61.8597,55.45,94,75,19.57,CA,2021-05-31 21:53:19
179,Komsomolskiy,40.4272,71.7189,72.82,42,2,2.01,UZ,2021-05-31 21:53:20
180,Sioux Lookout,50.1001,-91.917,70.18,32,20,11.5,CA,2021-05-31 21:53:20
181,Codrington,-38.2667,141.9667,47.37,45,99,10.8,AU,2021-05-31 21:53:20
182,Hobyo,5.3505,48.5268,78.49,86,86,26.08,SO,2021-05-31 21:53:21
183,Kjopsvik,68.097,16.3742,49.17,91,90,1.28,NO,2021-05-31 21:53:21
184,Tautira,-17.7333,-149.15,84.22,63,42,14.34,PF,2021-05-31 21:53:21
185,Ahmadnagar,19.0833,74.7333,76.6,78,51,3.0,IN,2021-05-31 21:53:21
186,Klaksvik,62.2266,-6.589,52.72,99,100,14.56,FO,2021-05-31 21:53:22
187,Coihaique,-45.5752,-72.0662,54.21,87,75,11.5,CL,2021-05-31 21:53:22
188,Goderich,43.7501,-81.7165,69.21,37,83,6.91,CA,2021-05-31 21:53:22
189,Baculin,7.4525,126.5842,75.72,86,100,4.43,PH,2021-05-31 21:53:23
190,Walvis Bay,-22.9575,14.5053,56.08,71,0,15.26,NA,2021-05-31 21:53:23
191,Luderitz,-26.6481,15.1594,58.14,72,0,22.95,NA,2021-05-31 21:53:23
192,Coquimbo,-29.9533,-71.3436,64.13,63,0,6.89,CL,2021-05-31 21:48:44
193,Dossor,47.5272,52.9811,74.01,60,79,8.48,KZ,2021-05-31 21:53:25
194,Geraldton,-28.7667,114.6,48.61,93,0,10.58,AU,2021-05-31 21:53:25
195,Svetlyy,54.675,20.1347,50.05,63,99,1.21,RU,2021-05-31 21:53:25
196,Lata,40.1629,-8.3327,65.05,95,16,1.95,PT,2021-05-31 21:53:26
197,Sinjai,-5.1241,120.253,73.85,90,47,4.36,ID,2021-05-31 21:53:26
198,Cidreira,-30.1811,-50.2056,54.84,61,26,7.36,BR,2021-05-31 21:53:26
199,Yantzaza,-3.8278,-78.7594,72.46,97,98,1.57,EC,2021-05-31 21:53:27
200,Oktyabrskoye,43.0645,44.7417,62.74,82,90,3.2,RU,2021-05-31 21:53:27
201,Praia,14.9215,-23.5087,73.94,73,40,10.36,CV,2021-05-31 21:53:27
202,Thompson,55.7435,-97.8558,59.16,67,75,6.91,CA,2021-05-31 21:53:16
203,Bathsheba,13.2167,-59.5167,84.81,54,75,17.56,BB,2021-05-31 21:53:14
204,Carupano,10.6678,-63.2585,78.58,88,41,13.51,VE,2021-05-31 21:53:28
205,Tonstad,58.6626,6.7169,50.61,50,86,3.83,NO,2021-05-31 21:53:28
206,Buraydah,26.326,43.975,95.45,14,3,9.89,SA,2021-05-31 21:49:48
207,Ponta Do Sol,32.6667,-17.1,66.7,81,63,3.69,PT,2021-05-31 21:53:29
208,Adrar,20.5022,-10.0711,90.25,30,69,6.98,MR,2021-05-31 21:53:30
209,Macamic,48.7502,-78.9996,70.03,59,96,4.09,CA,2021-05-31 21:53:30
210,Semey,50.4111,80.2275,53.82,66,0,0.0,KZ,2021-05-31 21:53:31
211,Barcelos,41.5388,-8.6151,63.84,96,12,3.27,PT,2021-05-31 21:53:31
212,Sao Jose Da Coroa Grande,-8.8978,-35.1478,76.69,86,17,8.28,BR,2021-05-31 21:53:31
213,Beringovskiy,63.05,179.3167,36.09,78,36,10.92,RU,2021-05-31 21:53:33
214,Ketchikan,55.3422,-131.6461,57.18,97,100,8.48,US,2021-05-31 21:53:33
215,Wanning,18.8003,110.3967,81.88,92,100,8.68,CN,2021-05-31 21:53:33
216,Llata,-9.4167,-76.7833,55.85,81,100,5.55,PE,2021-05-31 21:53:33
217,Port Hardy,50.6996,-127.4199,60.98,82,75,6.91,CA,2021-05-31 21:53:34
218,Richards Bay,-28.783,32.0377,66.67,69,100,13.71,ZA,2021-05-31 21:53:34
219,Caucaia,-3.7361,-38.6531,82.35,76,0,5.99,BR,2021-05-31 21:49:23
220,Sangar,63.9242,127.4739,52.86,58,49,5.03,RU,2021-05-31 21:53:35
221,Avarua,-21.2078,-159.775,78.85,57,20,10.36,CK,2021-05-31 21:53:35
222,Faanui,-16.4833,-151.75,78.35,67,26,13.56,PF,2021-05-31 21:53:35
223,Pleasanton,37.6624,-121.8747,104.34,27,60,1.01,US,2021-05-31 21:53:36
224,Linjiang,41.8069,126.9078,55.51,99,100,4.0,CN,2021-05-31 21:53:36
225,Kieta,-6.2167,155.6333,81.91,82,100,7.14,PG,2021-05-31 21:53:36
226,Sawakin,19.1059,37.3321,86.95,55,0,4.43,SD,2021-05-31 21:53:37
227,Qurbus,36.8167,10.5687,66.54,77,31,4.83,TN,2021-05-31 21:53:37
228,Vung Tau,10.346,107.0843,82.31,81,76,8.57,VN,2021-05-31 21:53:37
229,Lamar,33.6668,-95.5836,75.24,77,75,8.08,US,2021-05-31 21:53:38
230,Chuy,-33.6971,-53.4616,55.27,70,24,9.66,UY,2021-05-31 21:53:11
231,Corinto,37.9407,22.9573,70.75,69,27,9.95,GR,2021-05-31 21:53:38
232,Kloulklubed,7.0419,134.2556,84.72,77,100,15.88,PW,2021-05-31 21:53:39
233,Gat,31.61,34.7642,75.81,100,0,1.77,IL,2021-05-31 21:52:05
234,Areka,7.0667,37.7,61.7,85,83,4.32,ET,2021-05-31 21:53:39
235,Sorland,67.667,12.6934,48.33,82,100,4.85,NO,2021-05-31 21:53:40
236,Talnakh,69.4865,88.3972,31.71,95,99,5.5,RU,2021-05-31 21:53:40
237,Pisco,-13.7,-76.2167,66.25,82,90,4.61,PE,2021-05-31 21:53:40
238,Palauig,15.435,119.9045,82.33,78,100,2.51,PH,2021-05-31 21:53:41
239,Arkhara,49.4212,130.0842,56.21,67,31,11.95,RU,2021-05-31 21:53:41
240,Hami,42.8,93.45,68.32,16,21,12.88,CN,2021-05-31 21:53:41
241,Doha,25.2867,51.5333,98.58,29,0,10.36,QA,2021-05-31 21:53:42
242,Kamenka,51.3223,42.7678,51.48,82,100,9.66,RU,2021-05-31 21:53:42
243,Arman,59.7,150.1667,36.9,99,100,2.68,RU,2021-05-31 21:53:42
244,Maceio,-9.6658,-35.7353,74.64,94,75,6.31,BR,2021-05-31 21:53:43
245,Ribeira Grande,38.5167,-28.7,61.16,74,68,19.04,PT,2021-05-31 21:53:43
246,Tomatlan,19.9333,-105.25,91.02,38,100,8.95,MX,2021-05-31 21:53:44
247,Myitkyina,25.3833,97.4,73.38,99,96,1.7,MM,2021-05-31 21:53:44
248,Alofi,-19.0595,-169.9187,78.69,89,75,8.05,NU,2021-05-31 21:53:44
249,Jalu,29.0331,21.5482,79.18,32,0,16.4,LY,2021-05-31 21:53:45
250,Lebu,-37.6167,-73.65,57.22,98,100,10.25,CL,2021-05-31 21:53:45
251,Saint-Georges,12.0564,-61.7485,82.08,78,40,23.02,GD,2021-05-31 21:53:46
252,Aykhal,66.0,111.5,54.43,49,100,13.09,RU,2021-05-31 21:53:46
253,Makakilo City,21.3469,-158.0858,85.75,52,75,3.42,US,2021-05-31 21:53:46
254,Alta,69.9689,23.2717,47.44,81,90,3.44,NO,2021-05-31 21:53:47
255,Zhanaozen,43.3,52.8,70.59,54,0,7.61,KZ,2021-05-31 21:53:47
256,Aklavik,68.2191,-135.0107,43.52,75,90,11.5,CA,2021-05-31 21:53:48
257,Bowen,-20.0167,148.2333,61.02,83,67,9.26,AU,2021-05-31 21:52:18
258,Phan Thiet,10.9333,108.1,78.96,86,51,6.55,VN,2021-05-31 21:53:48
259,Kupang,-10.1667,123.5833,75.78,78,40,4.61,ID,2021-05-31 21:53:48
260,Tigil,57.8,158.6667,50.54,50,100,4.97,RU,2021-05-31 21:53:49
261,Waipawa,-41.4122,175.5153,48.83,76,99,16.2,NZ,2021-05-31 21:53:49
262,Avera,33.194,-82.5271,81.91,36,78,5.1,US,2021-05-31 21:53:50
263,Matagami,49.7502,-77.6328,69.91,28,90,8.75,CA,2021-05-31 21:53:50
264,Saldanha,-33.0117,17.9442,53.65,80,29,3.65,ZA,2021-05-31 21:53:50
265,Cartagena,10.3997,-75.5144,87.42,74,40,18.41,CO,2021-05-31 21:50:05
266,Viedma,-40.8135,-62.9967,54.52,80,100,14.14,AR,2021-05-31 21:53:51
267,Inhambane,-23.865,35.3833,70.03,77,57,7.83,MZ,2021-05-31 21:53:51
268,Bilma,18.6853,12.9164,92.71,9,100,6.69,NE,2021-05-31 21:53:52
269,Leshukonskoye,64.8989,45.7622,44.51,81,62,6.15,RU,2021-05-31 21:53:52
270,Wajima,37.4,136.9,60.62,80,20,12.01,JP,2021-05-31 21:53:52
271,Chateaubelair,13.2833,-61.25,83.01,74,40,15.41,VC,2021-05-31 21:53:53
272,Chengdu,30.6667,104.0667,75.09,83,20,7.09,CN,2021-05-31 21:53:53
273,Oyama,36.3,139.8,67.82,71,34,0.85,JP,2021-05-31 21:53:53
274,Igarka,67.4667,86.5833,33.6,79,100,3.0,RU,2021-05-31 21:53:54
275,Puerto Colombia,10.9878,-74.9547,86.09,81,17,21.07,CO,2021-05-31 21:53:54
276,Bethel,41.3712,-73.414,69.3,65,53,1.99,US,2021-05-31 21:53:54
277,Arrecife,28.963,-13.5477,68.07,68,20,10.36,ES,2021-05-31 21:53:55
278,Neiafu,-18.65,-173.9833,74.08,94,75,4.61,TO,2021-05-31 21:53:55
279,Cuamba,-14.8031,36.5372,69.87,66,100,1.9,MZ,2021-05-31 21:53:55
280,Mnogovershinnyy,53.9353,139.9242,52.2,63,25,5.21,RU,2021-05-31 21:53:56
281,Boende,-0.2167,20.8667,76.44,79,100,1.28,CD,2021-05-31 21:53:56
282,Karasburg,-28.0167,18.75,44.46,80,0,7.07,NA,2021-05-31 21:53:57
283,Byron Bay,-28.65,153.6167,61.05,85,80,6.73,AU,2021-05-31 21:53:57
284,Baykit,61.67,96.37,48.0,75,74,3.44,RU,2021-05-31 21:53:57
285,Nuuk,64.1835,-51.7216,34.88,100,98,11.01,GL,2021-05-31 21:53:58
286,Rzhev,56.2624,34.3282,43.84,67,96,0.6,RU,2021-05-31 21:53:59
287,Nueve De Julio,-35.4444,-60.8831,59.72,66,100,6.58,AR,2021-05-31 21:53:32
288,Pochutla,15.7432,-96.4661,87.62,57,74,7.67,MX,2021-05-31 21:53:59
289,Donskoye,45.4552,41.9741,64.53,76,58,7.36,RU,2021-05-31 21:54:00
290,Sao Filipe,14.8961,-24.4956,72.91,80,49,7.65,CV,2021-05-31 21:54:00
291,Morant Bay,17.8815,-76.4093,83.82,74,100,10.38,JM,2021-05-31 21:54:01
292,Mugur-Aksy,50.35,90.5,39.47,58,0,2.15,RU,2021-05-31 21:54:01
293,Yenotayevka,47.2456,47.0281,70.9,62,54,6.67,RU,2021-05-31 21:54:01
294,San Lorenzo,-25.3333,-57.5333,68.94,49,0,5.01,PY,2021-05-31 21:54:02
295,Ardakan,32.31,54.0175,86.38,10,0,6.29,IR,2021-05-31 21:54:02
296,Kaoma,-14.7833,24.8,53.82,44,0,4.25,ZM,2021-05-31 21:54:02
297,Sinnamary,5.3833,-52.95,77.25,91,100,10.49,GF,2021-05-31 21:54:03
298,Portland,45.5234,-122.6762,89.51,31,62,3.0,US,2021-05-31 21:54:03
299,Ducheng,23.2373,111.5317,77.41,98,100,2.26,CN,2021-05-31 21:54:04
300,Ziro,27.6333,93.8333,56.53,99,100,1.34,IN,2021-05-31 21:54:04
301,Tiznit,29.5833,-9.5,63.77,76,4,1.97,MA,2021-05-31 21:54:04
302,Yar-Sale,66.8333,70.8333,39.34,72,22,12.21,RU,2021-05-31 21:54:05
303,Volsk,52.0333,47.3833,51.62,91,15,6.67,RU,2021-05-31 21:54:05
304,Rurrenabaque,-14.4413,-67.5278,73.29,88,90,0.0,BO,2021-05-31 21:54:05
305,Fairbanks,64.8378,-147.7164,69.49,38,90,6.91,US,2021-05-31 21:54:06
306,Kirakira,-10.4544,161.9205,79.56,87,97,10.2,SB,2021-05-31 21:54:06
307,Honiara,-9.4333,159.95,81.5,81,90,3.89,SB,2021-05-31 21:54:06
308,Humberto De Campos,-2.5983,-43.4611,76.55,90,53,4.59,BR,2021-05-31 21:54:07
309,Hervey Bay,-25.2986,152.8535,65.03,75,52,10.76,AU,2021-05-31 21:54:07
310,Clyde River,70.4692,-68.5914,25.03,100,90,3.44,CA,2021-05-31 21:54:08
311,Ilulissat,69.2167,-51.1,33.4,85,98,2.01,GL,2021-05-31 21:54:08
312,Moba,33.2288,105.0179,53.87,86,100,1.23,CN,2021-05-31 21:54:08
313,Wote,-1.7808,37.6288,61.92,93,99,2.59,KE,2021-05-31 21:54:09
314,Dongsheng,39.8161,109.9776,53.24,33,1,8.16,CN,2021-05-31 21:54:09
315,Iqaluit,63.7506,-68.5145,31.73,93,90,3.0,CA,2021-05-31 21:52:59
316,Acapulco,16.8634,-99.8901,88.38,60,62,8.1,MX,2021-05-31 21:53:42
317,Mandiana,10.6333,-8.6833,78.03,66,48,5.26,GN,2021-05-31 21:54:10
318,Yumen,40.2833,97.2,60.91,15,8,5.66,CN,2021-05-31 21:54:10
319,Masakin,35.7292,10.5808,75.4,70,0,4.76,TN,2021-05-31 21:54:10
320,Lakes Entrance,-37.8811,147.981,46.15,58,84,5.73,AU,2021-05-31 21:54:11
321,Asfi,32.2994,-9.2372,63.95,83,3,7.34,MA,2021-05-31 21:54:11
322,Kaihua,23.3687,104.28,65.39,90,85,3.13,CN,2021-05-31 21:54:11
323,Sendafa,9.15,39.0333,57.24,46,26,4.61,ET,2021-05-31 21:54:12
324,Okhotsk,59.3833,143.3,37.87,91,100,7.94,RU,2021-05-31 21:54:12
325,Birobidzhan,48.8,132.95,55.98,67,27,3.47,RU,2021-05-31 21:54:12
326,Margate,51.3813,1.3862,58.1,66,0,3.0,GB,2021-05-31 21:54:13
327,Stutterheim,-32.5708,27.424,45.27,91,94,6.11,ZA,2021-05-31 21:54:13
328,Ponta Delgada,37.7333,-25.6667,61.52,88,75,21.85,PT,2021-05-31 21:54:13
329,Otradnoye,59.7775,30.8181,48.56,92,100,3.98,RU,2021-05-31 21:54:14
330,Nsanje,-16.92,35.262,65.8,84,60,3.27,MW,2021-05-31 21:54:14
331,Wenling,28.3669,121.36,74.88,94,81,3.18,CN,2021-05-31 21:54:14
332,Saint-Pierre,-21.3393,55.4781,73.04,71,75,6.91,RE,2021-05-31 21:54:15
333,Awjilah,29.1081,21.2869,78.22,35,0,15.7,LY,2021-05-31 21:54:15
334,Ust-Maya,60.4167,134.5333,53.91,83,92,1.66,RU,2021-05-31 21:54:15
335,Vicuna,-30.0319,-70.7081,74.77,17,0,2.35,CL,2021-05-31 21:54:16
336,Nome,64.5011,-165.4064,63.1,42,48,6.53,US,2021-05-31 21:54:16
337,Tricase,39.9304,18.3553,58.32,66,0,11.07,IT,2021-05-31 21:54:16
338,Mecca,21.4267,39.8261,94.3,29,0,4.09,SA,2021-05-31 21:52:11
339,Sarankhola,22.3082,89.7897,81.88,89,100,8.61,BD,2021-05-31 21:54:17
340,Kaitangata,-46.2817,169.8464,46.92,82,79,6.82,NZ,2021-05-31 21:54:18
341,Fernley,39.608,-119.2518,90.68,13,6,4.07,US,2021-05-31 21:54:18
342,Aksarka,66.5606,67.7975,40.32,83,45,14.65,RU,2021-05-31 21:54:18
343,Okato,-39.2,173.8833,52.43,74,29,11.74,NZ,2021-05-31 21:54:19
344,Banda Aceh,5.5577,95.3222,79.79,78,99,11.07,ID,2021-05-31 21:54:19
345,Makubetsu,45.3714,141.8211,45.99,77,4,6.17,JP,2021-05-31 21:54:19
346,Tokur,53.1333,132.9,51.4,73,10,2.19,RU,2021-05-31 21:54:20
347,Hearst,49.6835,-83.6665,66.45,51,99,4.94,CA,2021-05-31 21:54:20
348,Eyl,7.9803,49.8164,79.72,79,100,21.36,SO,2021-05-31 21:54:20
349,Banjar,-8.19,114.9675,75.06,83,58,3.65,ID,2021-05-31 21:54:21
350,Vila,42.0304,-8.1588,57.74,85,43,2.86,PT,2021-05-31 21:54:21
351,Moindou,-21.6924,165.677,62.55,57,75,11.27,NC,2021-05-31 21:54:21
352,Rocha,-34.4833,-54.3333,54.61,73,59,9.19,UY,2021-05-31 21:54:22
353,Sabang,5.8933,95.3214,83.12,72,97,16.53,ID,2021-05-31 21:54:22
354,Ixtapa,20.7,-105.2,93.18,36,87,9.24,MX,2021-05-31 21:54:22
355,Oruro,-17.9833,-67.15,47.26,18,100,6.76,BO,2021-05-31 21:54:23
356,Gallup,35.5281,-108.7426,71.44,21,40,12.66,US,2021-05-31 21:54:23
357,Rugeley,52.7593,-1.9369,62.51,76,42,7.78,GB,2021-05-31 21:54:23
358,Roald,62.5833,6.1333,57.9,93,0,9.22,NO,2021-05-31 21:54:24
359,Faya,18.3851,42.4509,75.31,17,5,7.87,SA,2021-05-31 21:54:24
360,Kawalu,-7.3817,108.2082,72.12,99,80,1.39,ID,2021-05-31 21:54:25
361,Murwillumbah,-28.3167,153.4,61.12,72,54,2.3,AU,2021-05-31 21:54:25
362,Nove Hrady,48.7896,14.7784,48.79,81,26,0.65,CZ,2021-05-31 21:54:25
363,Goroka,-6.0834,145.3873,62.85,91,99,1.79,PG,2021-05-31 21:54:26
364,Esil,51.9556,66.4042,60.76,86,20,12.28,KZ,2021-05-31 21:54:26
365,Souillac,-20.5167,57.5167,73.78,78,40,8.21,MU,2021-05-31 21:54:26
366,Sorochinsk,52.4338,53.1583,59.22,88,100,12.1,RU,2021-05-31 21:54:27
367,Piacabucu,-10.4056,-36.4344,76.5,84,11,5.99,BR,2021-05-31 21:54:27
368,Spornoye,50.8448,37.2913,48.22,83,100,9.71,RU,2021-05-31 21:54:27
369,Alexandria,31.2156,29.9553,71.56,83,0,6.91,EG,2021-05-31 21:54:28
370,Linfen,36.0889,111.5189,71.73,55,100,1.59,CN,2021-05-31 21:53:37
371,Twentynine Palms,34.1356,-116.0542,100.13,9,10,3.0,US,2021-05-31 21:54:28
372,Zlobin,45.2924,14.6541,54.7,48,20,4.85,HR,2021-05-31 21:54:29
373,Tual,-5.6667,132.75,81.55,78,11,16.84,ID,2021-05-31 21:54:29
374,Provideniya,64.3833,-173.3,44.71,61,0,8.95,RU,2021-05-31 21:54:29
375,Cherskiy,68.75,161.3,61.54,26,100,11.12,RU,2021-05-31 21:54:30
376,Carlagan,14.975,122.0456,82.65,78,96,4.85,PH,2021-05-31 21:54:30
377,Moron,-34.6534,-58.6198,64.29,70,100,5.01,AR,2021-05-31 21:52:21
378,Itarema,-2.9248,-39.9167,79.41,81,38,12.35,BR,2021-05-31 21:53:53
379,Constitucion,-35.3333,-72.4167,57.97,94,84,5.5,CL,2021-05-31 21:54:31
380,Solok,-0.7918,100.6593,69.73,94,75,2.08,ID,2021-05-31 21:54:31
381,Grindavik,63.8424,-22.4338,48.15,81,75,22.08,IS,2021-05-31 21:54:32
382,Khorramshahr,30.4397,48.1664,93.16,26,0,11.5,IR,2021-05-31 21:54:32
383,Alenquer,-1.9417,-54.7383,88.14,71,68,2.86,BR,2021-05-31 21:54:32
384,Axim,4.8699,-2.2405,78.15,83,100,5.55,GH,2021-05-31 21:54:33
385,Komsomolets,53.7453,62.0708,49.15,79,38,11.34,KZ,2021-05-31 21:54:33
386,Port-Gentil,-0.7193,8.7815,78.76,89,90,13.8,GA,2021-05-31 21:54:33
387,Hofn,64.2539,-15.2082,45.79,85,60,3.0,IS,2021-05-31 21:54:34
388,Palau,7.503,134.621,82.89,81,96,10.78,PW,2021-05-31 21:54:34
389,Rawson,-43.3002,-65.1023,48.49,93,75,9.22,AR,2021-05-31 21:54:34
390,Slave Lake,55.2834,-114.769,67.98,49,1,8.05,CA,2021-05-31 21:54:35
391,Sooke,48.3746,-123.7276,76.55,56,100,2.89,CA,2021-05-31 21:54:35
392,Balykshi,47.0667,51.8667,68.0,83,40,6.71,KZ,2021-05-31 21:54:36
393,Kamuli,0.9472,33.1197,64.24,94,97,2.62,UG,2021-05-31 21:54:36
394,Nouakchott,18.0858,-15.9785,71.53,84,93,11.95,MR,2021-05-31 21:54:36
395,Suba,10.8438,121.0102,84.16,76,98,6.49,PH,2021-05-31 21:54:36
396,Ovsyanka,55.9575,92.5519,34.77,81,19,2.62,RU,2021-05-31 21:54:37
397,Yambio,4.5721,28.3955,71.82,80,87,4.52,SS,2021-05-31 21:54:37
398,Lewistown,40.5992,-77.5714,76.89,1,1,9.22,US,2021-05-31 21:54:37
399,San Ramon,37.7799,-121.978,103.82,29,1,5.01,US,2021-05-31 21:49:43
400,New London,41.4834,-72.0662,63.77,73,90,7.94,US,2021-05-31 21:54:38
401,Mandera,3.9366,41.867,79.72,58,83,19.55,KE,2021-05-31 21:54:39
402,Metu,8.3,35.5833,56.35,92,61,3.69,ET,2021-05-31 21:54:39
403,Merauke,-8.4667,140.3333,75.97,89,34,12.97,ID,2021-05-31 21:53:32
404,Kulhudhuffushi,6.6221,73.07,82.26,75,89,18.97,MV,2021-05-31 21:54:39
405,Aloleng,16.1307,119.7824,82.0,84,100,5.53,PH,2021-05-31 21:54:40
406,Manokwari,-0.8667,134.0833,77.32,89,100,19.26,ID,2021-05-31 21:54:40
407,Impfondo,1.6381,18.0667,74.01,91,93,1.66,CG,2021-05-31 21:54:40
408,Verkhneyarkeyevo,55.4505,54.3145,44.1,84,69,8.3,RU,2021-05-31 21:54:41
409,Sao Joao Da Barra,-21.6403,-41.0511,69.89,89,36,8.23,BR,2021-05-31 21:54:41
410,Kabo,7.6994,18.629,76.77,75,100,5.82,CF,2021-05-31 21:54:41
411,Goure,13.9835,10.2704,86.09,12,16,5.5,NE,2021-05-31 21:54:42
412,Kandrian,-6.2167,149.55,78.08,93,100,9.57,PG,2021-05-31 21:54:42
413,San Andres,12.5847,-81.7006,87.82,66,20,12.66,CO,2021-05-31 21:54:42
414,Sibolga,1.7427,98.7792,76.33,89,99,3.36,ID,2021-05-31 21:54:43
415,Zacualtipan,20.65,-98.6,76.12,44,41,10.18,MX,2021-05-31 21:54:43
416,Pucara,-15.9803,-71.4606,42.93,53,99,8.48,PE,2021-05-31 21:54:44
417,Tessalit,20.1986,1.0114,96.31,6,1,18.57,ML,2021-05-31 21:54:44
418,Luganville,-15.5333,167.1667,78.17,77,84,7.4,VU,2021-05-31 21:54:44
419,Marrakesh,31.6315,-8.0083,71.67,56,75,11.5,MA,2021-05-31 21:54:45
420,Alcaniz,41.05,-0.1333,60.75,60,100,7.16,ES,2021-05-31 21:54:45
421,Litovko,49.2361,135.1742,57.43,61,0,3.42,RU,2021-05-31 21:54:45
422,Rincon,32.296,-81.2354,84.38,60,21,4.0,US,2021-05-31 21:54:46
423,Longmont,40.1672,-105.1019,67.59,68,90,1.01,US,2021-05-31 21:51:41
424,Zhuanghe,39.7008,122.9911,60.26,97,100,3.02,CN,2021-05-31 21:54:46
425,Dzierzoniow,50.7282,16.6514,50.94,85,51,2.82,PL,2021-05-31 21:54:47
426,Kalmunai,7.4167,81.8167,80.4,79,99,3.31,LK,2021-05-31 21:54:47
427,Huangchuan,32.1272,115.0394,74.48,81,30,3.29,CN,2021-05-31 21:54:47
428,Ostrovnoy,68.0531,39.5131,39.27,92,100,21.23,RU,2021-05-31 21:54:48
429,Meulaboh,4.1363,96.1285,76.39,89,98,4.27,ID,2021-05-31 21:54:48
430,Sivaki,52.6333,126.75,53.92,76,100,11.79,RU,2021-05-31 21:54:49
431,Calama,-22.4667,-68.9333,68.49,8,0,14.97,CL,2021-05-31 21:54:49
432,Ballina,-28.8667,153.5667,55.94,88,90,2.3,AU,2021-05-31 21:54:49
433,Labytnangi,66.6572,66.4183,41.9,82,79,14.97,RU,2021-05-31 21:54:50
434,Den Helder,52.9599,4.7593,60.98,88,0,5.75,NL,2021-05-31 21:54:50
435,Boffa,10.1667,-14.0333,78.39,86,100,3.87,GN,2021-05-31 21:54:50
436,Maungaturoto,-36.1,174.3667,57.67,73,0,9.82,NZ,2021-05-31 21:54:51
437,Nantucket,41.2835,-70.0995,58.06,94,90,16.11,US,2021-05-31 21:51:00
438,Svetlogorsk,52.6333,29.7333,43.16,87,14,4.38,BY,2021-05-31 21:54:51
439,Tondano,1.3038,124.9112,66.29,95,100,3.2,ID,2021-05-31 21:54:51
440,Itanagar,27.1,93.6167,71.35,98,95,2.42,IN,2021-05-31 21:54:52
441,Leh,34.1667,77.5833,45.03,82,100,3.89,IN,2021-05-31 21:54:52
442,Ndele,8.4109,20.6473,80.17,54,80,4.36,CF,2021-05-31 21:54:52
443,Mount Gambier,-37.8333,140.7667,44.51,57,100,9.22,AU,2021-05-31 21:54:53
444,Port Hedland,-20.3167,118.5667,68.05,42,69,9.22,AU,2021-05-31 21:54:53
445,Srednekolymsk,67.45,153.6833,63.5,33,7,14.72,RU,2021-05-31 21:54:54
446,Karwar,14.8,74.1333,79.41,82,58,4.68,IN,2021-05-31 21:54:54
447,Coalinga,36.1397,-120.3602,100.58,32,4,2.17,US,2021-05-31 21:54:55
448,Bhit Shah,25.8044,68.4927,86.05,72,0,20.58,PK,2021-05-31 21:54:55
449,Kenora,49.8167,-94.4337,70.99,43,40,10.36,CA,2021-05-31 21:54:55
450,Islamkot,24.6997,70.177,81.5,83,10,17.2,PK,2021-05-31 21:54:56
451,Minab,27.1467,57.0801,85.5,35,0,3.18,IR,2021-05-31 21:54:56
452,Port Lincoln,-34.7333,135.8667,59.59,44,100,10.76,AU,2021-05-31 21:54:39
453,Novoagansk,61.9449,76.6625,37.06,96,100,14.97,RU,2021-05-31 21:54:56
454,Mareeba,-17.0,145.4333,65.44,89,54,3.24,AU,2021-05-31 21:54:57
455,Manzhouli,49.6,117.4333,43.16,81,24,18.43,CN,2021-05-31 21:54:57
456,Kuching,1.55,110.3333,79.02,89,40,2.3,MY,2021-05-31 21:54:57
457,Prabumulih,-3.45,104.25,73.27,99,92,2.55,ID,2021-05-31 21:54:58
458,Inirida,3.8653,-67.9239,78.31,93,94,1.81,CO,2021-05-31 21:54:58
459,Matao,-21.6033,-48.3658,59.83,88,81,5.66,BR,2021-05-31 21:54:08
460,Sukumo,32.9333,132.7333,68.45,76,100,0.98,JP,2021-05-31 21:54:59
461,Mezhdurechenskiy,59.6,65.9333,36.79,82,0,4.92,RU,2021-05-31 21:54:59
462,Huntington,38.4193,-82.4452,75.22,55,47,1.01,US,2021-05-31 21:52:28
463,Amga,60.8953,131.9608,55.67,68,100,2.39,RU,2021-05-31 21:55:00
464,Alice Springs,-23.7,133.8833,53.15,40,97,8.5,AU,2021-05-31 21:55:00
465,Hambantota,6.1241,81.1185,79.14,94,20,19.1,LK,2021-05-31 21:55:00
466,Eatonton,33.3268,-83.3885,84.13,45,72,5.08,US,2021-05-31 21:55:01
467,Saint-Augustin,51.226,-58.6502,45.61,93,100,7.0,CA,2021-05-31 21:55:01
468,Khrebtovaya,56.7032,104.2494,39.69,93,77,3.44,RU,2021-05-31 21:55:03
469,Dawson Creek,55.7666,-120.2362,69.76,43,20,18.41,CA,2021-05-31 21:55:03
470,Providencia,28.7167,-111.5833,100.47,50,0,10.0,MX,2021-05-31 21:55:04
471,Cururupu,-1.8283,-44.8683,75.76,88,26,3.2,BR,2021-05-31 21:55:04
472,Idappadi,11.5833,77.85,79.9,74,100,4.05,IN,2021-05-31 21:55:05
473,Scarborough,54.2797,-0.4044,52.92,89,2,4.0,GB,2021-05-31 21:55:05
474,Copiapo,-27.3667,-70.3333,53.29,30,0,4.97,CL,2021-05-31 21:55:05
475,Evensk,61.95,159.2333,47.43,65,54,4.38,RU,2021-05-31 21:55:06
476,Bandarbeyla,9.4942,50.8122,79.29,82,100,23.38,SO,2021-05-31 21:55:06
477,Farmington,36.7281,-108.2187,70.2,40,75,16.11,US,2021-05-31 21:52:52
478,Kelvington,52.1667,-103.5343,78.46,32,100,11.61,CA,2021-05-31 21:55:06
479,Yerbogachen,61.2767,108.0108,53.98,63,42,3.78,RU,2021-05-31 21:55:07
480,Saryg-Sep,51.5,95.6,32.36,80,13,4.27,RU,2021-05-31 21:55:07
481,Brigantine,39.4101,-74.3646,75.16,82,54,2.28,US,2021-05-31 21:55:07
482,San Carlos De Bariloche,-41.1456,-71.3082,54.45,78,75,11.3,AR,2021-05-31 21:54:41
483,Bergerac,44.8333,0.5,71.53,82,0,3.44,FR,2021-05-31 21:55:08
484,Ambon,-3.6954,128.1814,75.34,94,40,11.68,ID,2021-05-31 21:53:59
485,Pak Phanang,8.3511,100.202,80.62,80,94,3.89,TH,2021-05-31 21:55:08
486,Sitka,57.0531,-135.33,53.37,95,100,4.47,US,2021-05-31 21:55:09
487,Soe,-9.8607,124.284,63.1,96,92,3.65,ID,2021-05-31 21:55:09
488,Zhangye,38.9342,100.4517,59.72,24,0,1.39,CN,2021-05-31 21:55:09
489,Coffs Harbour,-30.3,153.1333,49.96,93,51,2.3,AU,2021-05-31 21:55:10
490,Caravelas,-17.7125,-39.2481,73.06,83,7,4.68,BR,2021-05-31 21:55:10
491,Egersund,58.4513,5.9997,50.83,73,41,10.27,NO,2021-05-31 21:55:10
492,La Ronge,55.1001,-105.2842,68.25,37,90,6.91,CA,2021-05-31 21:55:11
493,Tahta,26.7693,31.5021,93.52,17,0,7.56,EG,2021-05-31 21:55:11
494,Mayya,61.7333,130.2811,54.72,51,98,2.42,RU,2021-05-31 21:55:11
495,Abu Dhabi,24.4667,54.3667,89.71,70,0,4.23,AE,2021-05-31 21:55:12
496,Danshui,22.7984,114.4672,81.01,91,100,3.74,CN,2021-05-31 21:55:12
497,Araucaria,-25.5931,-49.4103,58.55,96,91,2.24,BR,2021-05-31 21:55:12
498,Carballo,43.213,-8.691,65.89,88,40,3.15,ES,2021-05-31 21:55:13
499,Nanortalik,60.1432,-45.2371,38.55,89,36,12.5,GL,2021-05-31 21:55:13
500,Caceres,39.522,-6.3748,71.8,54,31,6.31,ES,2021-05-31 21:55:14
501,Diapaga,12.0708,1.7889,96.6,20,100,4.09,BF,2021-05-31 21:55:14
502,Bayir,37.2687,28.2167,59.52,84,52,0.98,TR,2021-05-31 21:55:14
503,Coromandel,-18.4733,-47.2003,70.36,48,100,3.24,BR,2021-05-31 21:55:15
504,Barra Do Garcas,-15.89,-52.2567,86.58,51,40,2.68,BR,2021-05-31 21:55:15
505,Saint Andrews,34.0454,-81.1293,80.71,43,40,1.99,US,2021-05-31 21:55:15
506,Mana,5.6592,-53.7767,77.02,90,100,10.04,GF,2021-05-31 21:55:16
507,Camana,-16.6228,-72.7111,66.24,84,100,7.9,PE,2021-05-31 21:55:16
508,Sola,-13.8833,167.55,79.47,83,90,5.75,VU,2021-05-31 21:55:17
509,Goba,7.0167,39.9833,50.85,80,35,5.61,ET,2021-05-31 21:55:18
510,Catuday,16.2923,119.8062,81.54,81,100,5.61,PH,2021-05-31 21:55:19
511,Chingirlau,51.095,54.0814,64.76,91,97,5.5,KZ,2021-05-31 21:55:19
512,Te Anau,-45.4167,167.7167,39.96,90,37,1.23,NZ,2021-05-31 21:55:19
513,Caxito,-8.5785,13.6643,77.65,98,11,2.95,AO,2021-05-31 21:55:20
514,Loanda,-8.8368,13.2343,77.0,88,75,4.61,AO,2021-05-31 21:53:04
515,Kruisfontein,-34.0033,24.7314,48.88,84,4,7.83,ZA,2021-05-31 21:55:20
516,Bichena,10.45,38.2,62.76,34,77,2.66,ET,2021-05-31 21:55:21
517,Wick,58.4333,-3.0833,51.85,82,100,17.27,GB,2021-05-31 21:55:21
518,Belle Fourche,44.6714,-103.8522,79.05,27,37,10.29,US,2021-05-31 21:55:21
519,Xiaoshi,41.2971,124.1209,57.22,98,100,4.0,CN,2021-05-31 21:55:22
520,Kudahuvadhoo,2.6708,72.8944,82.99,71,68,16.53,MV,2021-05-31 21:55:22
521,Veinticinco De Mayo,-35.4323,-60.1727,62.06,63,100,7.11,AR,2021-05-31 21:55:23
522,Castrillon,43.3979,-6.7922,65.21,96,66,2.1,ES,2021-05-31 21:55:23
523,Mago,53.2514,140.1822,55.22,50,10,4.05,RU,2021-05-31 21:55:23
524,Thunder Bay,48.4001,-89.3168,67.98,46,75,10.36,CA,2021-05-31 21:55:23
525,Chakulia,22.4833,86.7167,83.88,81,100,5.08,IN,2021-05-31 21:55:24
526,Nogales,31.3086,-110.9422,93.18,9,0,14.67,MX,2021-05-31 21:55:12
527,Haines Junction,60.7522,-137.5108,49.95,81,100,3.44,CA,2021-05-31 21:55:24
528,Carutapera,-1.195,-46.02,76.37,91,9,5.3,BR,2021-05-31 21:55:25
529,Bukachacha,52.9833,116.9167,49.33,97,100,6.31,RU,2021-05-31 21:55:26
530,Uray,60.1247,64.7758,38.93,67,5,5.64,RU,2021-05-31 21:55:26
531,Mossendjo,-2.9506,12.7261,71.91,94,57,1.3,CG,2021-05-31 21:55:26
532,Worland,44.0169,-107.9554,81.61,16,61,5.01,US,2021-05-31 21:55:27
533,Auki,-8.7676,160.7034,80.87,82,85,6.13,SB,2021-05-31 21:55:27
534,Annau,37.8876,58.516,83.7,39,40,3.62,TM,2021-05-31 21:55:27
535,Jacareacanga,-6.2222,-57.7528,80.6,61,5,1.1,BR,2021-05-31 21:55:28
536,Amapa,1.0,-52.0,73.13,98,73,2.82,BR,2021-05-31 21:55:28
537,Santa Maria,-29.6842,-53.8069,54.7,76,0,2.37,BR,2021-05-31 21:55:28
538,Vega De Alatorre,20.0333,-96.6333,86.59,62,21,9.22,MX,2021-05-31 21:55:29
539,Aranos,-24.1333,19.1167,50.34,23,0,13.06,NA,2021-05-31 21:55:29
540,Broome,42.2506,-75.833,70.7,41,17,3.0,US,2021-05-31 21:55:29
541,Anadyr,64.75,177.4833,50.5,40,0,4.05,RU,2021-05-31 21:55:30
542,Deputatskiy,69.3,139.9,57.25,38,40,3.85,RU,2021-05-31 21:55:30
543,Moose Factory,51.2585,-80.6094,68.0,52,90,9.22,CA,2021-05-31 21:55:30
544,Humaita,-7.5061,-63.0208,84.27,59,56,2.13,BR,2021-05-31 21:55:31
545,Yenagoa,4.9247,6.2642,75.58,95,100,6.44,NG,2021-05-31 21:55:31
546,Loubomo,-4.1997,12.6739,73.24,90,47,4.16,CG,2021-05-31 21:55:31
547,Ust-Tsilma,65.441,52.1498,44.67,72,62,8.63,RU,2021-05-31 21:55:32
548,Ritchie,-29.038,24.6028,42.01,47,0,10.45,ZA,2021-05-31 21:55:32
549,Chase,50.8165,-119.6857,86.2,33,96,0.25,CA,2021-05-31 21:55:32
550,Buenos Aires,-34.6132,-58.3772,64.29,48,0,4.61,AR,2021-05-31 21:54:12
551,Taksimo,56.3444,114.8794,43.9,87,94,1.63,RU,2021-05-31 21:55:33
552,Udachnyy,66.4167,112.4,55.09,52,100,6.24,RU,2021-05-31 21:55:33
553,Porto Walter,-8.2686,-72.7439,78.73,78,51,3.58,BR,2021-05-31 21:55:34
554,Seymchan,62.8833,152.4333,46.36,62,93,9.73,RU,2021-05-31 21:55:34
555,Suffolk,40.8668,-72.7996,68.27,68,90,11.01,US,2021-05-31 21:51:48
556,Poum,-20.2333,164.0167,72.66,58,27,20.0,NC,2021-05-31 21:55:35
557,Kasama,-10.2129,31.1808,55.26,83,4,4.83,ZM,2021-05-31 21:55:35
558,Bilibino,68.0546,166.4372,57.85,36,26,2.21,RU,2021-05-31 21:55:35
559,Olinda,-8.0089,-34.8553,74.93,88,75,10.67,BR,2021-05-31 21:55:36
560,Davila,18.4726,120.5763,78.78,78,100,3.74,PH,2021-05-31 21:55:36
561,Berdigestyakh,62.0989,126.6992,59.25,40,65,3.87,RU,2021-05-31 21:55:37
562,Wanaka,-44.7,169.15,44.6,77,34,1.3,NZ,2021-05-31 21:53:21
563,Bhimavaram,16.5333,81.5333,85.57,79,72,4.47,IN,2021-05-31 21:55:37
564,Puerto Escondido,15.85,-97.0667,86.81,68,69,7.27,MX,2021-05-31 21:55:37
565,Armidale,-30.5167,151.65,45.05,75,83,2.68,AU,2021-05-31 21:55:38
566,Belaya Gora,68.5333,146.4167,66.61,28,8,13.38,RU,2021-05-31 21:55:38
567,Vanavara,60.34,102.2797,47.95,69,10,3.36,RU,2021-05-31 21:55:39
568,Bambous Virieux,-20.3428,57.7575,73.65,78,40,8.19,MU,2021-05-31 21:53:22
569,La Paz,-16.5,-68.15,57.18,26,75,6.91,BO,2021-05-31 21:55:25
570,Coahuayana,18.7333,-103.6833,91.27,56,99,9.33,MX,2021-05-31 21:54:21
571,Leningradskiy,69.3833,178.4167,32.54,86,87,13.35,RU,2021-05-31 21:55:39
572,Lazaro Cardenas,17.9583,-102.2,88.21,64,78,10.89,MX,2021-05-31 21:55:40
573,Ilo,-17.6394,-71.3375,65.08,82,100,5.48,PE,2021-05-31 21:55:40
